NAME,TEAM,POS,AGE,PPG,RPG,APG,SPG,BPG,TPG
Joel Embiid,Phi,C,30.1,34.7,11,5.6,1.2,1.7,3.8
Luka Doncic,Dal,G,25.1,33.9,9.2,9.8,1.4,0.5,4
Giannis Antetokounmpo,Mil,F,29.4,30.4,11.5,6.5,1.2,1.1,3.4
Shai Gilgeous-Alexander,Okc,G,25.8,30.1,5.5,6.2,2,0.9,2.2
Jalen Brunson,Nyk,G,27.6,28.7,3.6,6.7,0.9,0.2,2.4
Kevin Durant,Pho,F,35.5,27.1,6.6,5,0.9,1.2,3.3
Devin Booker,Pho,G,27.5,27.1,4.5,6.9,0.9,0.4,2.6
Jayson Tatum,Bos,F,26.1,26.9,8.1,4.9,1,0.6,2.5
De'Aaron Fox,Sac,G,26.3,26.6,4.6,5.6,2,0.4,2.6
Donovan Mitchell,Cle,G,27.6,26.6,5.1,6.1,1.8,0.5,2.8
Stephen Curry,Gol,G,36.1,26.4,4.5,5.1,0.7,0.4,2.8
Nikola Jokic,Den,C,29.2,26.4,12.4,9,1.4,0.9,3
Anthony Edwards,Min,G,22.7,25.9,5.4,5.1,1.3,0.5,3.1
Tyrese Maxey,Phi,G,23.4,25.9,3.7,6.2,1,0.5,1.7
LeBron James,Lal,F,39.3,25.7,7.3,8.3,1.3,0.5,3.4
Trae Young,Atl,G,25.6,25.7,2.8,10.8,1.3,0.2,4.4
Kyrie Irving,Dal,G,32.1,25.6,5,5.2,1.3,0.5,1.8
Ja Morant,Mem,G,24.7,25.1,5.6,8.1,0.8,0.6,3
Anthony Davis,Lal,C,31.1,24.7,12.6,3.5,1.2,2.3,2.1
Damian Lillard,Mil,G,33.8,24.3,4.4,7,1,0.2,2.6
